{"cameraMode":{"drawMode":0,"name":"Shaded","section":"Shading Mode"},"sceneLighting":true,"audioPlay":false,"sceneViewState":{"showFog":true,"showMaterialUpdate":false,"showSkybox":true,"showFlares":true,"showImageEffects":true,"showParticleSystems":true,"showVisualEffectGraphs":true,"m_FxEnabled":true},"in2DMode":false,"pivot":{"x":317.94415283203127,"y":30.16436767578125,"z":-60.02290344238281},"rotation":{"x":0.004829102195799351,"y":-0.9593294858932495,"z":-0.01515511516481638,"w":-0.28228458762168887},"size":6.6170549392700199,"orthographic":false}