{"cameraMode":{"drawMode":0,"name":"Shaded","section":"Shading Mode"},"sceneLighting":true,"audioPlay":false,"sceneViewState":{"showFog":true,"showMaterialUpdate":false,"showSkybox":true,"showFlares":true,"showImageEffects":true,"showParticleSystems":true},"in2DMode":false,"pivot":{"x":113.61788940429688,"y":91.07355499267578,"z":-46.09996795654297},"rotation":{"x":0.04204562306404114,"y":-0.8844930529594421,"z":-0.08113466203212738,"w":-0.45773497223854067},"size":7.989336967468262,"orthographic":false}